model_id,catalog_brand,catalog_model,catalog_year,retained_file,bytes,sha256,local_source_evidence,original_source_url,copyright_owner,publication_permission,required_attribution,pictured_configuration,owner_evidence_needed,action
1,Ski-Doo,Summit X with Expert Package,2026,attached_assets/norm_id01.jpg,56912,473bdee245324f1e015202a48cd3b3ff99d83d9367a3fbd245498b5de5d77154,Catalog import img1; local file read,unknown,unknown,unknown,unknown,unknown,Source chain and commercial permission and configuration evidence,Retained; no removal or replacement approved
2,Ski-Doo,Renegade X-RS,2026,attached_assets/norm_id02.jpg,64064,dcab088c5a2c064e529eec1c0b3fbf0b6c0ff90ae7fbfca0438faaed3a8becff,Catalog import img2; local file read,unknown,unknown,unknown,unknown,unknown,Source chain and commercial permission and configuration evidence,Retained; no removal or replacement approved
3,Ski-Doo,MXZ X-RS,2026,attached_assets/norm_id03.jpg,74071,eac24ec43f988ad8beb2ce96147a5333741e6f059d9daa7adf474ed7c2d9ce08,Catalog import img3; local file read,unknown,unknown,unknown,unknown,unknown,Source chain and commercial permission and configuration evidence,Retained; no removal or replacement approved
4,Ski-Doo,Freeride 850 Turbo R,2026,attached_assets/norm_id04.jpg,60814,256e8974c6981a33e1e9ec07a5843ca76690c33dfd130b7ffe7f74cc0ae2c3cd,Catalog import img4; local file read,unknown,unknown,unknown,unknown,unknown,Source chain and commercial permission and configuration evidence,Retained; no removal or replacement approved
5,Ski-Doo,Backcountry X-RS,2026,attached_assets/norm_id05.jpg,73370,b063b417ef1848c9bc46693025fed759f3a857ef0a677f52b8c3784c79fc6452,Catalog import img5; local file read,unknown,unknown,unknown,unknown,unknown,Source chain and commercial permission and configuration evidence,Retained; no removal or replacement approved
6,Ski-Doo,Expedition SE,2026,attached_assets/norm_id06.jpg,67903,794499a976872efb4673c2c70b923cb6da4e9a31cf8669bc9aeda2be05bfb809,Catalog import img6; local file read,unknown,unknown,unknown,unknown,unknown,Source chain and commercial permission and configuration evidence,Retained; no removal or replacement approved
7,Polaris,850 RMK Khaos 155,2026,attached_assets/norm_id07.jpg,78973,9218a2054459f82ec167d4ede33fb999cfe9ec006beeb0687beaacd145d5bf36,Catalog import img7; local file read,unknown,unknown,unknown,unknown,unknown,Source chain and commercial permission and configuration evidence,Retained; no removal or replacement approved
8,Polaris,850 PRO RMK 165,2026,attached_assets/norm_id08.jpg,80833,7a5d9184144dd83f66cc0c654bfb04d204b1d6378a48caa8275a142482a0887d,Catalog import img8; local file read,unknown,unknown,unknown,unknown,unknown,Source chain and commercial permission and configuration evidence,Retained; no removal or replacement approved
9,Polaris,Patriot Boost INDY VR1 137 DYNAMIX,2026,attached_assets/norm_id09.jpg,77389,0fc5bc17cc686c7da6f1e7b5b78113cb8182c5784d36154bcc40f91e369280e5,Catalog import img9; local file read,unknown,unknown,unknown,unknown,unknown,Source chain and commercial permission and configuration evidence,Retained; no removal or replacement approved
10,Polaris,850 Switchback Assault 146 Escape IFS,2026,attached_assets/norm_id10.jpg,75424,cb5ec4f75b190edb5b646484f4759c6f89f34e65deb4cc41ee3b4ad3c5ea738c,Catalog import img10; local file read,unknown,unknown,unknown,unknown,unknown,Source chain and commercial permission and configuration evidence,Retained; no removal or replacement approved
11,Polaris,650 TITAN Adventure 155,2026,attached_assets/norm_id11.jpg,84056,57de91964407eb0009ab05c14ecec92da9ebf74a64c1bf02c99af7e1052bc8c7,Catalog import img11; local file read,unknown,unknown,unknown,unknown,unknown,Source chain and commercial permission and configuration evidence,Retained; no removal or replacement approved
12,Polaris,650 INDY XC 137,2026,attached_assets/norm_id12.jpg,80406,b0b834130ab71f43a0de2cac0fc9a5d73ca6de6f092f883fdee493d741c94e2c,Catalog import img12; local file read,unknown,unknown,unknown,unknown,unknown,Source chain and commercial permission and configuration evidence,Retained; no removal or replacement approved
13,Arctic Cat,M 858 Sno Pro,2026,attached_assets/norm_id13.jpg,51960,d62eb9d70638f0edd2f9aaaa00ee1a7b81bc0171e8969b5865e942c9c95aa29d,Catalog import img13; local file read,unknown,unknown,unknown,unknown,unknown,Source chain and commercial permission and configuration evidence,Retained; no removal or replacement approved
14,Arctic Cat,ZR 858 R-XC,2026,attached_assets/norm_id14.jpg,52074,a0d7e80578787f6d46182bc30621a158ded957aa0d2afbb9bdbcfc2a3944c7d4,Catalog import imgZR858RR; local file read,unknown,unknown,unknown,unknown,unknown,Source chain and commercial permission and corrected trim match evidence,Retained; no removal or replacement approved
15,Arctic Cat,Riot 858 Sno Pro,2026,attached_assets/norm_id15.jpg,83013,0442d2a2dfd1910685bc7b74fb0ed31c0548b9bac8f6cc995a1c2b2c98450576,Catalog import imgRiot8500; local file read,unknown,unknown,unknown,unknown,unknown,Source chain and commercial permission and corrected trim match evidence,Retained; no removal or replacement approved
16,Arctic Cat,ZR 600,2026,attached_assets/norm_id16.jpg,64225,06966b112e61927f205b565515e23307fba41fa34bc1ced76e74d2ce56d969ab,Catalog import img16; local file read,unknown,unknown,unknown,unknown,unknown,Source chain and commercial permission and configuration evidence,Retained; no removal or replacement approved
17,Arctic Cat,M 600 Sno Pro,2026,attached_assets/norm_id17.jpg,64015,3c6c799f48051d646ccfb9792405b194266697375961fb82eff9fc0bf8fa96c5,Catalog import img17; local file read,unknown,unknown,unknown,unknown,unknown,Source chain and commercial permission and configuration evidence,Retained; no removal or replacement approved
18,Arctic Cat,Pantera 7000,2026,attached_assets/norm_id18.jpg,74791,d3ee6bcf8fcbfd08439ae0853e8cce8f66cbae07ddc6e7c989802dbafc10e0ac,Catalog import imgPantera7000; local file read,unknown,unknown,unknown,unknown,unknown,Source chain and commercial permission and configuration evidence,Retained; no removal or replacement approved
19,Yamaha,Sidewinder SRX LE EPS,2025,attached_assets/norm_id19.jpg,53410,f6bca4bf9f8f6d357f81e77cb4c90b2eb67d43f3d6119f12500c2876900d0b6e,Catalog import img19; local file read,unknown,unknown,unknown,unknown,unknown,Source chain and commercial permission and archived year match evidence,Retained; no removal or replacement approved
20,Yamaha,Sidewinder M-TX LE 153,2025,attached_assets/norm_id20.jpg,53659,f626d16edbdc49762943f07a20983273fde68f7fbae975db0b8c1502732d026e,Catalog import img20; local file read,unknown,unknown,unknown,unknown,unknown,Source chain and commercial permission and archived year match evidence,Retained; no removal or replacement approved
21,Yamaha,SRViper L-TX GT,2025,attached_assets/norm_id21.jpg,63811,907245e396355dbeccd7183872b5469ee602f13e4d038b2ac51660f16cad5b17,Catalog import img21; local file read,unknown,unknown,unknown,unknown,unknown,Source chain and commercial permission and archived year match evidence,Retained; no removal or replacement approved
22,Yamaha,SRViper L-TX GT,2024,attached_assets/norm_id22.jpg,89052,3f24b0295f75e85a70c3194bfcf56bcabdd2c12b33c14de6f7be741503c4dfb1,Catalog import img22; local file read,unknown,unknown,unknown,unknown,unknown,Source chain and commercial permission and corrected year match evidence,Retained; no removal or replacement approved
23,Yamaha,Transporter Lite,2025,attached_assets/norm_id23.jpg,79733,29f95dd0cfbcd3951887e6877f6fb61ac9358798008b6cf17003cd6b28cf1271,Catalog import img23; local file read,unknown,unknown,unknown,unknown,unknown,Source chain and commercial permission and archived year match evidence,Retained; no removal or replacement approved